act-avg,sat-avg,enrollment,city,sortName,zip,acceptance-rate,rankingDisplayScore,percent-receiving-aid,cost-after-aid,state,rankingSortRank,hs-gpa-avg,rankingDisplayName,rankingDisplayRank,ranking,xwalkId,rankingIsTied,isPublic,businessRepScore,tuition,engineeringRepScore,displayName,schoolType,rankingType,overallRank,institutionalControl,rankingRankStatus,primaryKey
32.0,1400.0,5400.0,Princeton,princetonuniversity,8544,7.0,100.0,60.0,16793.0,NJ,1,3.9,National Universities,#1,overall,186131,False,True,,47140,4.1,Princeton University,national-universities,national-universities,1,private,ranked,2627
32.0,1430.0,6710.0,Cambridge,harvarduniversity,2138,5.0,98.0,55.0,16338.0,MA,2,4.0,National Universities,#2,overall,166027,False,True,,48949,3.6,Harvard University,national-universities,national-universities,2,private,ranked,2155
32.0,1450.0,5941.0,Chicago,universityofchicago,60637,8.0,96.0,42.0,27767.0,IL,3,4.0,National Universities,#3,overall,144050,True,True,,54825,,University of Chicago,national-universities,national-universities,3,private,ranked,1774
32.0,1420.0,5472.0,New Haven,yaleuniversity,6520,6.0,96.0,50.0,18385.0,CT,3,,National Universities,#3,overall,130794,True,True,,51400,3.4,Yale University,national-universities,national-universities,3,private,ranked,1426
32.0,1430.0,6113.0,New York,columbiauniversity,10027,6.0,95.0,48.0,21041.0,NY,5,,National Universities,#5,overall,190150,True,True,,57208,3.8,Columbia University,national-universities,national-universities,5,private,ranked,2707
33.0,1460.0,4524.0,Cambridge,massachusettsinstituteoftechnology,2139,8.0,95.0,58.0,20331.0,MA,5,,National Universities,#5,overall,166683,True,True,4.6,49892,4.9,Massachusetts Institute of Technology,national-universities,national-universities,5,private,ranked,2178
31.0,1380.0,7034.0,Stanford,stanforduniversity,94305,5.0,95.0,47.0,19296.0,CA,5,,National Universities,#5,overall,243744,True,True,,49617,4.8,Stanford University,national-universities,national-universities,5,private,ranked,1305
32.0,1380.0,10019.0,Philadelphia,universityofpennsylvania,19104,9.0,93.0,47.0,25441.0,PA,8,3.9,National Universities,#8,overall,215062,False,True,4.8,53534,3.6,University of Pennsylvania,national-universities,national-universities,8,private,ranked,3378
31.0,1380.0,6609.0,Durham,dukeuniversity,27708,11.0,92.0,41.0,23374.0,NC,9,,National Universities,#9,overall,198419,False,True,,53744,3.7,Duke University,national-universities,national-universities,9,private,ranked,2920
34.0,1510.0,979.0,Pasadena,californiainstituteoftechnology,91125,8.0,91.0,51.0,23973.0,CA,10,,National Universities,#10,overall,110404,False,True,,49908,4.6,California Institute of Technology,national-universities,national-universities,10,private,ranked,1131
30.0,1350.0,4310.0,Hanover,dartmouthcollege,3755,11.0,90.0,50.0,23312.0,NH,11,,National Universities,#11,overall,182670,True,True,,52950,3.2,Dartmouth College,national-universities,national-universities,11,private,ranked,2573
32.0,1420.0,6117.0,Baltimore,johnshopkinsuniversity,21218,12.0,90.0,45.0,30067.0,MD,11,3.9,National Universities,#11,overall,162928,True,True,,52170,3.9,Johns Hopkins University,national-universities,national-universities,11,private,ranked,2077
32.0,1400.0,8353.0,Evanston,northwesternuniversity,60208,11.0,90.0,43.0,31087.0,IL,11,,National Universities,#11,overall,147767,True,True,,52678,4.0,Northwestern University,national-universities,national-universities,11,private,ranked,1739
31.0,1370.0,6926.0,Providence,brownuniversity,2912,9.0,86.0,41.0,24482.0,RI,14,,National Universities,#14,overall,217156,True,True,,53419,3.3,Brown University,national-universities,national-universities,14,private,ranked,3401
31.0,1330.0,14566.0,Ithaca,cornelluniversity,14853,14.0,86.0,44.0,28068.0,NY,14,,National Universities,#14,overall,190415,True,True,4.2,52853,4.2,Cornell University,national-universities,national-universities,14,private,ranked,2711
32.0,1410.0,3893.0,Houston,riceuniversity,77251,15.0,86.0,37.0,23996.0,TX,14,,National Universities,#14,overall,227757,True,True,,45608,3.7,Rice University,national-universities,national-universities,14,private,ranked,3604
32.0,1420.0,6871.0,Nashville,vanderbiltuniversity,37240,11.0,86.0,46.0,23323.0,TN,14,3.8,National Universities,#14,overall,221999,True,True,,47664,3.4,Vanderbilt University,national-universities,national-universities,14,private,ranked,3535
32.0,1350.0,8530.0,Notre Dame,universityofnotredame,46556,19.0,85.0,47.0,29653.0,IN,18,,National Universities,#18,overall,152080,True,True,4.1,51505,3.3,University of Notre Dame,national-universities,national-universities,18,private,ranked,1840
32.0,1400.0,7540.0,St. Louis,washingtonuniversityinstlouis,63130,17.0,85.0,41.0,29245.0,MO,18,,National Universities,#18,overall,179867,True,True,4.0,51533,3.3,Washington University in St. Louis,national-universities,national-universities,18,private,ranked,2520
30.0,1320.0,7453.0,Washington,georgetownuniversity,20057,17.0,80.0,34.0,29667.0,DC,20,,National Universities,#20,overall,131496,False,True,3.8,52300,,Georgetown University,national-universities,national-universities,20,private,ranked,1445
30.0,1290.0,6861.0,Atlanta,emoryuniversity,30322,25.0,78.0,42.0,24264.0,GA,21,3.7,National Universities,#21,overall,139658,True,True,3.8,49392,,Emory University,national-universities,national-universities,21,private,ranked,1564
29.0,1300.0,29311.0,Berkeley,universityofcaliforniaberkeley,94720,16.0,78.0,23.0,49614.0,CA,21,3.9,National Universities,#21,overall,110635,True,True,4.5,42112,4.7,University of California--Berkeley,national-universities,national-universities,21,public,ranked,1312
25.0,1160.0,30873.0,Los Angeles,universityofcalifornialosangeles,90095,18.0,78.0,15.0,42896.0,CA,21,3.9,National Universities,#21,overall,110662,True,True,,41270,3.8,University of California--Los Angeles,national-universities,national-universities,21,public,ranked,1315
30.0,1280.0,18794.0,Los Angeles,universityofsoutherncalifornia,90089,17.0,78.0,33.0,33112.0,CA,21,3.7,National Universities,#21,overall,123961,True,True,4.1,54259,3.6,University of Southern California,national-universities,national-universities,21,private,ranked,1328
31.0,1380.0,6673.0,Pittsburgh,carnegiemellonuniversity,15213,22.0,76.0,40.0,33550.0,PA,25,3.8,National Universities,#25,overall,211440,True,True,4.2,53910,4.3,Carnegie Mellon University,national-universities,national-universities,25,private,ranked,3242
29.0,1240.0,16331.0,Charlottesville,universityofvirginia,22904,30.0,76.0,28.0,28079.0,VA,25,4.0,National Universities,#25,overall,234076,True,True,4.2,46975,3.4,University of Virginia,national-universities,national-universities,25,public,ranked,6968
28.0,1240.0,4955.0,Winston-Salem,wakeforestuniversity,27109,30.0,75.0,30.0,24241.0,NC,27,,National Universities,#27,overall,199847,False,True,3.4,51400,,Wake Forest University,national-universities,national-universities,27,private,ranked,2978
29.0,1310.0,28983.0,Ann Arbor,universityofmichiganannarbor,48109,29.0,74.0,25.0,32856.0,MI,28,3.8,National Universities,#28,overall,170976,False,True,4.5,47476,4.4,University of Michigan--Ann Arbor,national-universities,national-universities,28,public,ranked,9092
31.0,1370.0,5508.0,Medford,tuftsuniversity,2155,14.0,72.0,34.0,27034.0,MA,29,,National Universities,#29,overall,168148,False,True,,54318,3.0,Tufts University,national-universities,national-universities,29,private,ranked,2219
29.0,1250.0,26135.0,New York,newyorkuniversity,10012,32.0,71.0,46.0,41783.0,NY,30,3.6,National Universities,#30,overall,193900,True,True,4.3,50464,2.9,New York University,national-universities,national-universities,30,private,ranked,2785
27.0,1190.0,18523.0,Chapel Hill,universityofnorthcarolinachapelhill,27599,27.0,71.0,41.0,17815.0,NC,30,4.0,National Universities,#30,overall,199120,True,True,4.2,34588,,University of North Carolina--Chapel Hill,national-universities,national-universities,30,public,ranked,2974
30.0,1260.0,9309.0,Chestnut Hill,bostoncollege,2467,31.0,70.0,35.0,30170.0,MA,32,,National Universities,#32,overall,164924,True,True,3.6,53346,,Boston College,national-universities,national-universities,32,private,ranked,2128
28.0,1250.0,6276.0,Williamsburg,collegeofwilliamandmary,23187,37.0,70.0,21.0,42153.0,VA,32,,National Universities,#32,overall,231624,True,True,3.3,43099,,College of William and Mary,national-universities,national-universities,32,public,ranked,3705
29.0,1270.0,3608.0,Waltham,brandeisuniversity,2454,33.0,68.0,47.0,29288.0,MA,34,3.9,National Universities,#34,overall,165015,True,True,2.9,53582,,Brandeis University,national-universities,national-universities,34,private,ranked,2133
30.0,1320.0,15489.0,Atlanta,georgiainstituteoftechnology,30332,26.0,68.0,15.0,39518.0,GA,34,3.9,National Universities,#34,overall,139755,True,True,3.5,33014,4.6,Georgia Institute of Technology,national-universities,national-universities,34,public,ranked,1569
29.0,1250.0,6386.0,Rochester,universityofrochester,14627,38.0,68.0,51.0,28476.0,NY,34,,National Universities,#34,overall,195030,True,True,,52020,2.7,University of Rochester,national-universities,national-universities,34,private,ranked,2894
28.0,1220.0,17944.0,Boston,bostonuniversity,2215,29.0,67.0,36.0,34539.0,MA,37,3.6,National Universities,#37,overall,164988,True,True,3.4,52082,3.1,Boston University,national-universities,national-universities,37,private,ranked,2130
30.0,1280.0,5152.0,Cleveland,casewesternreserveuniversity,44106,35.0,67.0,48.0,35248.0,OH,37,,National Universities,#37,overall,201645,True,True,3.5,47500,3.3,Case Western Reserve University,national-universities,national-universities,37,private,ranked,3024
25.0,1140.0,21574.0,Santa Barbara,universityofcaliforniasantabarbara,93106,36.0,67.0,8.0,44849.0,CA,37,4.0,National Universities,#37,overall,110705,True,True,,42423,3.4,University of California--Santa Barbara,national-universities,national-universities,37,public,ranked,1320
31.0,1330.0,13473.0,Boston,northeasternuniversity,2115,29.0,66.0,34.0,38521.0,MA,40,,National Universities,#40,overall,167358,True,True,3.1,49497,3.1,Northeastern University,national-universities,national-universities,40,private,ranked,2199
29.0,1250.0,6377.0,New Orleans,tulaneuniversity,70118,26.0,66.0,31.0,35111.0,LA,40,3.5,National Universities,#40,overall,160755,True,True,3.2,52960,2.4,Tulane University,national-universities,national-universities,40,private,ranked,2029
28.0,1280.0,6265.0,Troy,rensselaerpolytechnicinstitute,12180,44.0,65.0,61.0,35125.0,NY,42,3.9,National Universities,#42,overall,194824,True,True,3.1,52305,3.5,Rensselaer Polytechnic Institute,national-universities,national-universities,42,private,ranked,2803
,1060.0,27331.0,Irvine,universityofcaliforniairvine,92697,41.0,65.0,6.0,43506.0,CA,42,4.0,National Universities,#42,overall,110653,True,True,3.5,43530,3.3,University of California--Irvine,national-universities,national-universities,42,public,ranked,1314
25.0,1140.0,28127.0,La Jolla,universityofcaliforniasandiego,92093,36.0,65.0,7.0,42933.0,CA,42,4.0,National Universities,#42,overall,110680,True,True,3.2,44197,3.7,University of California--San Diego,national-universities,national-universities,42,public,ranked,1317
27.0,1180.0,34554.0,Gainesville,universityofflorida,32611,46.0,65.0,20.0,36825.0,FL,42,4.0,National Universities,#42,overall,134130,True,True,3.6,28658,3.4,University of Florida,national-universities,national-universities,42,public,ranked,1535
29.0,1230.0,5080.0,Bethlehem,lehighuniversity,18015,26.0,64.0,38.0,25376.0,PA,46,,National Universities,#46,overall,213543,True,True,2.9,50740,3.2,Lehigh University,national-universities,national-universities,46,private,ranked,3289
26.0,1110.0,3542.0,Malibu,pepperdineuniversity,90263,37.0,64.0,51.0,32416.0,CA,46,3.6,National Universities,#46,overall,121150,True,True,3.2,51992,,Pepperdine University,national-universities,national-universities,46,private,ranked,1264
24.0,1050.0,29546.0,Davis,universityofcaliforniadavis,95616,42.0,64.0,9.0,44075.0,CA,46,4.0,National Universities,#46,overall,110644,True,True,,42396,3.5,University of California--Davis,national-universities,national-universities,46,public,ranked,1313
28.0,1210.0,10849.0,Coral Gables,universityofmiami,33124,38.0,64.0,33.0,34479.0,FL,46,3.6,National Universities,#46,overall,135726,True,True,3.1,48484,2.5,University of Miami,national-universities,national-universities,46,private,ranked,1536
27.0,1234.0,31710.0,Madison,universityofwisconsinmadison,53706,53.0,64.0,16.0,36113.0,WI,46,3.8,National Universities,#46,overall,240444,True,True,3.8,34782,3.9,University of Wisconsin--Madison,national-universities,national-universities,46,public,ranked,3895
30.0,1220.0,6999.0,Villanova,villanovauniversity,19085,44.0,64.0,44.0,35459.0,PA,46,3.7,National Universities,#46,overall,216597,True,True,3.2,51434,2.5,Villanova University,national-universities,national-universities,46,private,ranked,3388
25.0,1090.0,41359.0,University Park,pennsylvaniastateuniversityuniversitypark,16802,56.0,63.0,14.0,41789.0,PA,52,3.6,National Universities,#52,overall,214777,True,True,3.7,33664,3.7,Pennsylvania State University--University Park,national-universities,national-universities,52,public,ranked,6965
26.0,1280.0,33932.0,Champaign,universityofillinoisurbanachampaign,61820,60.0,63.0,9.0,35977.0,IL,52,,National Universities,#52,overall,145637,True,True,3.8,31988,4.4,University of Illinois--Urbana-Champaign,national-universities,national-universities,52,public,ranked,1775
27.0,1160.0,45831.0,Columbus,ohiostateuniversitycolumbus,43210,54.0,62.0,9.0,37032.0,OH,54,,National Universities,#54,overall,204796,True,True,3.8,29659,3.5,Ohio State University--Columbus,national-universities,national-universities,54,public,ranked,6883
26.0,1140.0,27951.0,Athens,universityofgeorgia,30602,54.0,62.0,13.0,30943.0,GA,54,4.0,National Universities,#54,overall,139959,True,True,3.6,30392,2.3,University of Georgia,national-universities,national-universities,54,public,ranked,1598
27.0,1180.0,11504.0,Washington,georgewashingtonuniversity,20052,40.0,61.0,43.0,37996.0,DC,56,,National Universities,#56,overall,131469,True,True,3.3,53518,2.6,George Washington University,national-universities,national-universities,56,private,ranked,1444
25.0,1080.0,30043.0,West Lafayette,purdueuniversitywestlafayette,47907,56.0,61.0,16.0,28383.0,IN,56,3.7,National Universities,#56,overall,243780,True,True,3.6,28804,4.3,Purdue University--West Lafayette,national-universities,national-universities,56,public,ranked,1825
26.0,1130.0,19324.0,Storrs,universityofconnecticut,6269,49.0,61.0,33.0,37427.0,CT,56,,National Universities,#56,overall,129020,True,True,3.2,36948,2.9,University of Connecticut,national-universities,national-universities,56,public,ranked,29013
26.0,1140.0,40168.0,Austin,universityoftexasaustin,78712,40.0,61.0,7.0,40558.0,TX,56,,National Universities,#56,overall,228778,True,True,4.3,35766,4.1,University of Texas--Austin,national-universities,national-universities,56,public,ranked,3658
26.0,1120.0,30933.0,Seattle,universityofwashington,98195,45.0,61.0,20.0,47746.0,WA,56,3.8,National Universities,#56,overall,236948,True,True,3.6,35538,3.7,University of Washington,national-universities,national-universities,56,public,ranked,3798
27.0,1160.0,30979.0,Provo,brighamyounguniversityprovo,84602,51.0,60.0,38.0,13186.0,UT,61,3.8,National Universities,#61,overall,230038,True,True,3.5,5460,2.6,Brigham Young University--Provo,national-universities,national-universities,61,private,ranked,3670
27.0,1170.0,9258.0,New York,fordhamuniversity,10023,45.0,60.0,,,NY,61,3.6,National Universities,#61,overall,191241,True,True,3.1,50601,,Fordham University,national-universities,national-universities,61,private,ranked,2722
28.0,1220.0,6521.0,Dallas,southernmethodistuniversity,75275,49.0,60.0,24.0,47874.0,TX,61,3.7,National Universities,#61,overall,228246,True,True,3.2,52498,2.5,Southern Methodist University,national-universities,national-universities,61,private,ranked,3613
25.0,1090.0,15218.0,Syracuse,syracuseuniversity,13244,52.0,60.0,48.0,33912.0,NY,61,3.6,National Universities,#61,overall,196413,True,True,3.3,46755,2.6,Syracuse University,national-universities,national-universities,61,private,ranked,2882
28.0,1210.0,28472.0,College Park,universityofmarylandcollegepark,20742,48.0,60.0,20.0,36786.0,MD,61,4.0,National Universities,#61,overall,163286,True,True,3.7,33606,3.6,University of Maryland--College Park,national-universities,national-universities,61,public,ranked,2103
28.0,1200.0,4432.0,Worcester,worcesterpolytechnicinstitute,1609,48.0,60.0,62.0,39995.0,MA,61,3.8,National Universities,#61,overall,168421,True,True,2.6,48628,2.9,Worcester Polytechnic Institute,national-universities,national-universities,61,private,ranked,2233
26.0,1150.0,18599.0,Clemson,clemsonuniversity,29634,51.0,59.0,7.0,38923.0,SC,67,4.0,National Universities,#67,overall,217882,False,True,3.0,35654,3.0,Clemson University,national-universities,national-universities,67,public,ranked,3425
27.0,1190.0,19123.0,Pittsburgh,universityofpittsburgh,15260,55.0,58.0,,,PA,68,4.0,National Universities,#68,overall,215293,False,True,3.5,30642,3.1,University of Pittsburgh,national-universities,national-universities,68,public,ranked,3379
26.0,1150.0,7901.0,Washington,americanuniversity,20016,26.0,57.0,46.0,36076.0,DC,69,3.7,National Universities,#69,overall,131159,True,True,2.9,46615,,American University,national-universities,national-universities,69,private,ranked,1434
,1110.0,36168.0,Piscataway,rutgersuniversitynewbrunswick,8854,57.0,57.0,13.0,40121.0,NJ,69,,National Universities,#69,overall,186380,True,True,3.0,30023,3.1,Rutgers University--New Brunswick,national-universities,national-universities,69,public,ranked,6964
29.0,1260.0,3021.0,Hoboken,stevensinstituteoftechnology,7030,39.0,57.0,40.0,51810.0,NJ,69,3.8,National Universities,#69,overall,186867,True,True,2.5,50554,2.7,Stevens Institute of Technology,national-universities,national-universities,69,private,ranked,2639
24.0,1070.0,50735.0,College Station,texasamuniversitycollegestation,77843,66.0,57.0,41.0,26376.0,TX,69,,National Universities,#69,overall,228723,True,True,3.5,30208,3.9,Texas A&M University--College Station,national-universities,national-universities,69,public,ranked,10366
26.0,1180.0,34871.0,Minneapolis,universityofminnesotatwincities,55455,44.0,57.0,23.0,28170.0,MN,69,,National Universities,#69,overall,174066,True,True,3.8,26603,3.6,University of Minnesota--Twin Cities,national-universities,national-universities,69,public,ranked,3969
,1100.0,25791.0,Blacksburg,virginiatech,24061,71.0,57.0,,,VA,69,3.9,National Universities,#69,overall,233921,True,True,3.2,29371,3.9,Virginia Tech,national-universities,national-universities,69,public,ranked,3754
26.0,1120.0,14348.0,Waco,bayloruniversity,76798,40.0,56.0,53.0,36761.0,TX,75,,National Universities,#75,overall,223232,True,True,3.1,43790,2.4,Baylor University,national-universities,national-universities,75,private,ranked,6967
29.0,1250.0,4612.0,Golden,coloradoschoolofmines,80401,40.0,56.0,21.0,47042.0,CO,75,3.8,National Universities,#75,overall,126775,True,True,,37436,3.1,Colorado School of Mines,national-universities,national-universities,75,public,ranked,1348
25.0,1130.0,23373.0,Amherst,universityofmassachusettsamherst,1003,60.0,56.0,35.0,35445.0,MA,75,3.8,National Universities,#75,overall,166629,True,True,3.2,33662,2.9,University of Massachusetts--Amherst,national-universities,national-universities,75,public,ranked,2221
26.0,1130.0,16981.0,Oxford,miamiuniversityoxford,45056,65.0,55.0,10.0,42507.0,OH,78,3.8,National Universities,#78,overall,204024,True,True,3.2,32768,3.1,Miami University--Oxford,national-universities,national-universities,78,public,ranked,7104
25.0,1070.0,8891.0,Fort Worth,texaschristianuniversity,76129,38.0,55.0,35.0,33953.0,TX,78,,National Universities,#78,overall,228875,True,True,3.0,44760,2.9,Texas Christian University,national-universities,national-universities,78,private,ranked,3636
23.0,1020.0,24476.0,Iowa City,universityofiowa,52242,84.0,55.0,34.0,32794.0,IA,78,3.6,National Universities,#78,overall,153658,True,True,3.5,28813,2.9,University of Iowa,national-universities,national-universities,78,public,ranked,1892
27.0,1110.0,2289.0,Worcester,clarkuniversity,1610,55.0,54.0,62.0,27702.0,MA,81,3.7,National Universities,#81,overall,165334,True,True,2.5,44400,,Clark University,national-universities,national-universities,81,private,ranked,2139
25.0,1110.0,32929.0,Tallahassee,floridastateuniversity,32306,58.0,54.0,27.0,34036.0,FL,81,,National Universities,#81,overall,134097,True,True,3.2,21673,,Florida State University,national-universities,national-universities,81,public,ranked,1489
24.0,990.0,39090.0,East Lansing,michiganstateuniversity,48824,66.0,54.0,5.0,47279.0,MI,81,3.7,National Universities,#81,overall,171100,True,True,3.6,39405,3.1,Michigan State University,national-universities,national-universities,81,public,ranked,2290
27.0,1170.0,23847.0,Raleigh,northcarolinastateuniversityraleigh,27695,46.0,54.0,41.0,25623.0,NC,81,3.7,National Universities,#81,overall,199193,True,True,2.9,27406,3.4,North Carolina State University--Raleigh,national-universities,national-universities,81,public,ranked,2972
23.0,1060.0,16962.0,Santa Cruz,universityofcaliforniasantacruz,95064,59.0,54.0,18.0,47616.0,CA,81,3.7,National Universities,#81,overall,110714,True,True,,42042,2.5,University of California--Santa Cruz,national-universities,national-universities,81,public,ranked,1321
23.0,1090.0,18374.0,Newark,universityofdelaware,19716,65.0,54.0,,,DE,81,3.7,National Universities,#81,overall,130943,True,True,3.0,32250,3.0,University of Delaware,national-universities,national-universities,81,public,ranked,1431
28.0,1230.0,13632.0,Binghamton,binghamtonuniversitysuny,13902,41.0,53.0,54.0,29356.0,NY,87,3.7,National Universities,#87,overall,196079,True,True,2.7,24403,2.3,Binghamton University--SUNY,national-universities,national-universities,87,public,ranked,2836
26.0,1110.0,5754.0,Denver,universityofdenver,80208,53.0,53.0,40.0,31393.0,CO,87,3.7,National Universities,#87,overall,127060,True,True,2.9,48669,2.0,University of Denver,national-universities,national-universities,87,private,ranked,1371
26.0,1120.0,3406.0,Tulsa,universityoftulsa,74104,37.0,53.0,15.0,49957.0,OK,87,3.9,National Universities,#87,overall,207971,True,True,2.5,39502,2.2,University of Tulsa,national-universities,national-universities,87,private,ranked,3185
24.0,1060.0,39184.0,Bloomington,indianauniversitybloomington,47405,79.0,52.0,16.0,37563.0,IN,90,3.7,National Universities,#90,overall,151351,True,True,4.1,34845,,Indiana University--Bloomington,national-universities,national-universities,90,public,ranked,1809
24.0,1040.0,8238.0,Milwaukee,marquetteuniversity,53201,74.0,52.0,55.0,32894.0,WI,90,,National Universities,#90,overall,239105,True,True,2.9,39900,2.4,Marquette University,national-universities,national-universities,90,private,ranked,3863
25.0,1070.0,27846.0,Boulder,universityofcoloradoboulder,80309,77.0,52.0,12.0,41125.0,CO,90,3.7,National Universities,#90,overall,126614,True,True,3.5,35079,3.5,University of Colorado--Boulder,national-universities,national-universities,90,public,ranked,1370
26.0,1100.0,5711.0,San Diego,universityofsandiego,92110,51.0,52.0,48.0,36861.0,CA,90,3.9,National Universities,#90,overall,122436,True,True,2.8,47708,3.5,University of San Diego,national-universities,national-universities,90,private,ranked,10395
25.0,1080.0,13251.0,Philadelphia,drexeluniversity,19104,75.0,51.0,54.0,42176.0,PA,94,3.7,National Universities,#94,overall,212054,True,True,2.8,52002,3.0,Drexel University,national-universities,national-universities,94,private,ranked,3256
24.0,1120.0,7454.0,St. Louis,saintlouisuniversity,63103,65.0,51.0,51.0,28328.0,MO,94,3.9,National Universities,#94,overall,179159,True,True,2.9,42166,2.2,Saint Louis University,national-universities,national-universities,94,private,ranked,2506
23.0,1090.0,2714.0,New York,yeshivauniversity,10033,51.0,51.0,46.0,34756.0,NY,94,3.5,National Universities,#94,overall,197708,True,True,2.3,42000,,Yeshiva University,national-universities,national-universities,94,private,ranked,2903
26.0,1140.0,12410.0,Rochester,rochesterinstituteoftechnology,14623,55.0,50.0,70.0,31793.0,NY,97,,National Universities,#97,overall,195003,True,True,3.1,40068,2.9,Rochester Institute of Technology,national-universities,national-universities,97,private,ranked,2806
26.0,1150.0,17026.0,Stony Brook,stonybrookuniversitysuny,11794,41.0,50.0,13.0,34024.0,NY,97,3.8,National Universities,#97,overall,196097,True,True,,26297,2.8,Stony Brook University--SUNY,national-universities,national-universities,97,public,ranked,2838
23.0,1070.0,1755.0,Syracuse,sunycollegeofenvironmentalscienceandforestry,13210,54.0,50.0,,,NY,97,3.7,National Universities,#97,overall,196103,True,True,,18090,2.0,SUNY College of Environmental Science and Forestry,national-universities,national-universities,97,public,ranked,2851
24.0,1070.0,20411.0,Buffalo,universityatbuffalosuny,14214,59.0,50.0,28.0,37040.0,NY,97,3.6,National Universities,#97,overall,196088,True,True,3.0,26270,2.8,University at Buffalo--SUNY,national-universities,national-universities,97,public,ranked,9554
23.0,1060.0,22436.0,Norman,universityofoklahoma,73019,71.0,50.0,13.0,35144.0,OK,97,3.6,National Universities,#97,overall,207500,True,True,3.1,24443,2.6,University of Oklahoma,national-universities,national-universities,97,public,ranked,3184
25.0,1100.0,11159.0,Burlington,universityofvermont,5405,69.0,50.0,48.0,36399.0,VT,97,3.6,National Universities,#97,overall,231174,True,True,2.6,41356,2.3,University of Vermont,national-universities,national-universities,97,public,ranked,3696
24.0,1060.0,22658.0,Auburn,auburnuniversity,36849,81.0,49.0,16.0,39912.0,AL,103,3.9,National Universities,#103,overall,100858,True,True,3.1,29640,3.0,Auburn University,national-universities,national-universities,103,public,ranked,1009
26.0,1130.0,2944.0,Chicago,illinoisinstituteoftechnology,60616,57.0,49.0,62.0,29116.0,IL,103,4.0,National Universities,#103,overall,145725,True,True,2.3,45864,2.8,Illinois Institute of Technology,national-universities,national-universities,103,private,ranked,1691
24.0,1030.0,11129.0,Chicago,loyolauniversitychicago,60660,73.0,49.0,64.0,38093.0,IL,103,3.7,National Universities,#103,overall,146719,True,True,3.0,42828,,Loyola University Chicago,national-universities,national-universities,103,private,ranked,1710
22.0,990.0,12871.0,Durham,universityofnewhampshire,3824,76.0,49.0,56.0,34826.0,NH,103,3.5,National Universities,#103,overall,183044,True,True,2.6,32637,2.3,University of New Hampshire,national-universities,national-universities,103,public,ranked,2589
22.0,980.0,20049.0,Eugene,universityoforegon,97403,78.0,49.0,7.0,42682.0,OR,103,3.6,National Universities,#103,overall,209551,True,True,3.1,34611,,University of Oregon,national-universities,national-universities,103,public,ranked,3223
25.0,1120.0,25556.0,Columbia,universityofsouthcarolina,29208,68.0,49.0,8.0,41810.0,SC,103,,National Universities,#103,overall,218663,True,True,3.2,32362,2.4,University of South Carolina,national-universities,national-universities,103,public,ranked,3448
24.0,1040.0,22139.0,Knoxville,universityoftennessee,37996,77.0,49.0,33.0,39170.0,TN,103,3.9,National Universities,#103,overall,221759,True,True,3.2,31160,2.9,University of Tennessee,national-universities,national-universities,103,public,ranked,3530
22.0,1040.0,5899.0,Washington,howarduniversity,20059,30.0,48.0,50.0,33124.0,DC,110,3.5,National Universities,#110,overall,131520,True,True,2.7,25697,2.2,Howard University,national-universities,national-universities,110,private,ranked,1448
23.0,980.0,32563.0,Tuscaloosa,universityofalabama,35487,53.0,48.0,27.0,26861.0,AL,110,3.7,National Universities,#110,overall,100751,True,True,3.2,28100,2.5,University of Alabama,national-universities,national-universities,110,public,ranked,1051
23.0,1030.0,6745.0,San Francisco,universityofsanfrancisco,94117,71.0,48.0,46.0,42433.0,CA,110,3.4,National Universities,#110,overall,122612,True,True,2.8,46250,,University of San Francisco,national-universities,national-universities,110,private,ranked,1325
23.0,1030.0,3483.0,Stockton,universityofthepacific,95211,66.0,48.0,67.0,37188.0,CA,110,3.5,National Universities,#110,overall,120883,True,True,2.2,46346,2.9,University of the Pacific,national-universities,national-universities,110,private,ranked,1329
21.0,1050.0,23789.0,Salt Lake City,universityofutah,84112,76.0,48.0,11.0,35873.0,UT,110,3.6,National Universities,#110,overall,230764,True,True,3.2,26408,2.9,University of Utah,national-universities,national-universities,110,public,ranked,3675
22.0,1020.0,42477.0,Tempe,arizonastateuniversitytempe,85287,83.0,47.0,31.0,37446.0,AZ,115,3.5,National Universities,#115,overall,104151,True,True,3.6,27372,3.3,Arizona State University--Tempe,national-universities,national-universities,115,public,ranked,1081
22.0,980.0,30671.0,Ames,iowastateuniversity,50011,87.0,47.0,34.0,27241.0,IA,115,3.6,National Universities,#115,overall,153603,True,True,3.0,22256,3.3,Iowa State University,national-universities,national-universities,115,public,ranked,1869
24.0,1050.0,29275.0,Philadelphia,templeuniversity,19122,52.0,47.0,37.0,35109.0,PA,115,3.6,National Universities,#115,overall,216339,True,True,3.2,27266,2.2,Temple University,national-universities,national-universities,115,public,ranked,3371
23.0,,19262.0,Lawrence,universityofkansas,66045,93.0,47.0,30.0,30962.0,KS,115,3.6,National Universities,#115,overall,155317,True,True,3.2,26592,2.7,University of Kansas,national-universities,national-universities,115,public,ranked,1948
24.0,1050.0,6111.0,St. Paul,universityofstthomas,55105,83.0,47.0,55.0,34299.0,MN,115,3.6,National Universities,#115,overall,174914,True,True,2.7,41133,3.1,University of St. Thomas,national-universities,national-universities,115,private,ranked,2345
23.0,1040.0,3241.0,Washington,catholicuniversityofamerica,20064,80.0,46.0,54.0,35518.0,DC,120,3.4,National Universities,#120,overall,131283,True,True,,44060,2.0,The Catholic University of America,national-universities,national-universities,120,private,ranked,1437
22.0,1030.0,15407.0,Chicago,depauluniversity,60604,70.0,46.0,59.0,42438.0,IL,120,3.6,National Universities,#120,overall,144740,True,True,3.0,39010,,DePaul University,national-universities,national-universities,120,private,ranked,1671
24.0,1055.0,6039.0,Pittsburgh,duquesneuniversity,15282,74.0,46.0,65.0,29185.0,PA,120,3.7,National Universities,#120,overall,212106,True,True,2.6,36394,,Duquesne University,national-universities,national-universities,120,private,ranked,3258
23.0,1020.0,25898.0,Columbia,universityofmissouri,65211,75.0,46.0,33.0,27962.0,MO,120,,National Universities,#120,overall,178396,True,True,3.0,26506,2.5,University of Missouri,national-universities,national-universities,120,public,ranked,2516
24.0,1080.0,3268.0,Potsdam,clarksonuniversity,13699,68.0,45.0,79.0,33669.0,NY,124,3.6,National Universities,#124,overall,190044,True,True,2.5,47950,2.6,Clarkson University,national-universities,national-universities,124,private,ranked,2699
22.0,1020.0,25177.0,Fort Collins,coloradostateuniversity,80523,78.0,45.0,16.0,39497.0,CO,124,3.6,National Universities,#124,overall,126818,True,True,2.9,29140,2.8,Colorado State University,national-universities,national-universities,124,public,ranked,1350
25.0,1073.0,5829.0,Houghton,michigantechnologicaluniversity,49931,76.0,45.0,28.0,38217.0,MI,124,3.7,National Universities,#124,overall,171128,True,True,2.1,32318,2.8,Michigan Technological University,national-universities,national-universities,124,public,ranked,2292
23.0,1070.0,5956.0,South Orange,setonhalluniversity,7079,67.0,45.0,,,NJ,124,3.6,National Universities,#124,overall,186584,True,True,2.8,40588,,Seton Hall University,national-universities,national-universities,124,private,ranked,2632
21.0,970.0,34072.0,Tucson,universityofarizona,85721,79.0,45.0,29.0,35051.0,AZ,124,3.5,National Universities,#124,overall,104179,True,True,3.7,32449,3.1,University of Arizona,national-universities,national-universities,124,public,ranked,1083
21.0,940.0,19799.0,Riverside,universityofcaliforniariverside,92521,66.0,45.0,15.0,41753.0,CA,124,3.7,National Universities,#124,overall,110671,True,True,3.0,41931,2.6,University of California--Riverside,national-universities,national-universities,124,public,ranked,1316
24.0,1030.0,8330.0,Dayton,universityofdayton,45469,60.0,45.0,46.0,34204.0,OH,124,3.7,National Universities,#124,overall,202480,True,True,2.5,41750,2.2,University of Dayton,national-universities,national-universities,124,private,ranked,3127
22.0,990.0,20833.0,Lincoln,universityofnebraskalincoln,68588,75.0,45.0,21.0,28968.0,NE,124,3.5,National Universities,#124,overall,181464,True,True,3.2,23256,2.6,University of Nebraska--Lincoln,national-universities,national-universities,124,public,ranked,2565
24.0,1070.0,6899.0,Hempstead,hofstrauniversity,11549,62.0,44.0,61.0,40205.0,NY,132,3.6,National Universities,#132,overall,191649,False,True,2.7,43960,3.0,Hofstra University,national-universities,national-universities,132,private,ranked,2732
23.0,1010.0,26118.0,Baton Rouge,louisianastateuniversitybatonrouge,70803,76.0,43.0,14.0,40711.0,LA,133,3.4,National Universities,#133,overall,159391,True,True,2.8,28051,2.5,Louisiana State University--Baton Rouge,national-universities,national-universities,133,public,ranked,2010
25.0,1100.0,4706.0,Macon,merceruniversity,31207,69.0,43.0,67.0,26615.0,GA,133,3.8,National Universities,#133,overall,140447,True,True,2.2,36000,3.0,Mercer University,national-universities,national-universities,133,private,ranked,1580
23.0,1030.0,7014.0,New York,newschool,10011,60.0,43.0,41.0,50853.0,NY,133,3.3,National Universities,#133,overall,193654,True,True,,47330,,The New School,national-universities,national-universities,133,private,ranked,20662
,910.0,8170.0,Newark,rutgersuniversitynewark,7102,65.0,43.0,26.0,38949.0,NJ,133,,National Universities,#133,overall,186399,True,True,2.9,29480,,Rutgers University--Newark,national-universities,national-universities,133,public,ranked,2631
23.0,1010.0,22548.0,Fayetteville,universityofarkansas,72701,63.0,43.0,16.0,33514.0,AR,133,3.7,National Universities,#133,overall,106397,True,True,3.2,24308,2.5,University of Arkansas,national-universities,national-universities,133,public,ranked,1108
23.0,1030.0,25860.0,Cincinnati,universityofcincinnati,45221,76.0,43.0,28.0,35124.0,OH,133,3.6,National Universities,#133,overall,201885,True,True,2.9,26334,2.6,University of Cincinnati,national-universities,national-universities,133,public,ranked,3125
22.0,980.0,22621.0,Lexington,universityofkentucky,40506,91.0,43.0,,,KY,133,3.7,National Universities,#133,overall,157085,True,True,3.0,28046,2.5,University of Kentucky,national-universities,national-universities,133,public,ranked,1989
24.0,1060.0,23812.0,Fairfax,georgemasonuniversity,22030,81.0,42.0,39.0,38588.0,VA,140,3.7,National Universities,#140,overall,232186,True,True,3.0,34370,2.4,George Mason University,national-universities,national-universities,140,public,ranked,3749
23.0,1110.0,8211.0,Newark,newjerseyinstituteoftechnology,7102,59.0,42.0,35.0,18674.0,NJ,140,3.5,National Universities,#140,overall,185828,True,True,2.4,31034,2.6,New Jersey Institute of Technology,national-universities,national-universities,140,public,ranked,2621
23.0,1000.0,29853.0,San Diego,sandiegostateuniversity,92182,35.0,42.0,32.0,31354.0,CA,140,3.7,National Universities,#140,overall,122409,True,True,2.9,19340,2.5,San Diego State University,national-universities,national-universities,140,public,ranked,1151
24.0,1070.0,31461.0,Tampa,universityofsouthflorida,33620,47.0,42.0,25.0,23103.0,FL,140,3.9,National Universities,#140,overall,137351,True,True,2.5,17324,2.4,University of South Florida,national-universities,national-universities,140,public,ranked,1537
20.0,930.0,24904.0,Pullman,washingtonstateuniversity,99164,72.0,42.0,37.0,30666.0,WA,140,3.4,National Universities,#140,overall,236939,True,True,2.8,25817,2.8,Washington State University,national-universities,national-universities,140,public,ranked,3800
22.0,950.0,19472.0,Manhattan,kansasstateuniversity,66506,94.0,41.0,22.0,34621.0,KS,145,3.5,National Universities,#145,overall,155399,True,True,2.8,24775,2.7,Kansas State University,national-universities,national-universities,145,public,ranked,1928
22.0,990.0,25327.0,Corvallis,oregonstateuniversity,97331,77.0,41.0,34.0,36636.0,OR,145,3.7,National Universities,#145,overall,209542,True,True,2.7,29457,2.8,Oregon State University,national-universities,national-universities,145,public,ranked,3210
22.0,970.0,2786.0,Rochester,stjohnfishercollege,14618,65.0,41.0,81.0,28750.0,NY,145,3.6,National Universities,#145,overall,195720,True,True,2.1,33120,,St. John Fisher College,national-universities,national-universities,145,private,ranked,2821
21.0,990.0,17959.0,Chicago,universityofillinoischicago,60607,74.0,41.0,31.0,39033.0,IL,145,3.3,National Universities,#145,overall,145600,True,True,3.0,27672,2.8,University of Illinois--Chicago,national-universities,national-universities,145,public,ranked,1776
22.0,1000.0,19213.0,University,universityofmississippi,38677,78.0,41.0,24.0,27943.0,MS,145,3.6,National Universities,#145,overall,176017,True,True,2.8,23554,2.1,University of Mississippi,national-universities,national-universities,145,public,ranked,2440
25.0,1140.0,17350.0,Richardson,universityoftexasdallas,75080,68.0,41.0,28.0,37028.0,TX,145,,National Universities,#145,overall,228787,True,True,3.1,33654,2.6,University of Texas--Dallas,national-universities,national-universities,145,public,ranked,9741
22.0,1010.0,5205.0,Garden City,adelphiuniversity,11530,70.0,40.0,,,NY,151,3.6,National Universities,#151,overall,188429,True,True,2.1,37170,,Adelphi University,national-universities,national-universities,151,private,ranked,2666
24.0,1060.0,3629.0,Melbourne,floridainstituteoftechnology,32901,61.0,40.0,,,FL,151,3.6,National Universities,#151,overall,133881,True,True,,41240,2.1,Florida Institute of Technology,national-universities,national-universities,151,private,ranked,1469
21.0,990.0,23788.0,Athens,ohiouniversity,45701,75.0,40.0,,,OH,151,3.5,National Universities,#151,overall,204857,True,True,2.7,21360,2.3,Ohio University,national-universities,national-universities,151,public,ranked,3100
21.0,990.0,3095.0,Seattle,seattlepacificuniversity,98119,87.0,40.0,,,WA,151,3.5,National Universities,#151,overall,236577,True,True,2.1,40893,2.9,Seattle Pacific University,national-universities,national-universities,151,private,ranked,3788
22.0,1010.0,13139.0,Albany,universityatalbanysuny,12222,54.0,40.0,,,NY,151,3.2,National Universities,#151,overall,196060,True,True,2.8,24358,,University at Albany--SUNY,national-universities,national-universities,151,public,ranked,2835
21.0,970.0,21093.0,Stillwater,oklahomastateuniversity,74078,75.0,39.0,,,OK,156,3.5,National Universities,#156,overall,207388,True,True,2.9,23776,2.6,Oklahoma State University,national-universities,national-universities,156,public,ranked,3170
24.0,1070.0,13639.0,Lowell,universityofmassachusettslowell,1854,60.0,39.0,,,MA,156,3.6,National Universities,#156,overall,166513,True,True,2.4,31865,2.3,University of Massachusetts--Lowell,national-universities,national-universities,156,public,ranked,2161
22.0,990.0,14801.0,Kingston,universityofrhodeisland,2881,71.0,39.0,,,RI,156,3.5,National Universities,#156,overall,217484,True,True,2.6,28874,2.4,University of Rhode Island,national-universities,national-universities,156,public,ranked,3414
21.0,950.0,4091.0,La Mirada,biolauniversity,90639,65.0,38.0,,,CA,159,3.5,National Universities,#159,overall,110097,True,True,,38448,,Biola University,national-universities,national-universities,159,private,ranked,1122
21.0,,18643.0,Normal,illinoisstateuniversity,61790,89.0,38.0,,,IL,159,3.4,National Universities,#159,overall,145813,True,True,2.4,25168,,Illinois State University,national-universities,national-universities,159,public,ranked,1692
21.0,965.0,12369.0,Birmingham,universityofalabamabirmingham,35294,89.0,38.0,,,AL,159,3.7,National Universities,#159,overall,100663,True,True,2.8,23790,2.2,University of Alabama--Birmingham,national-universities,national-universities,159,public,ranked,1052
21.0,970.0,13132.0,Honolulu,universityofhawaiimanoa,96822,80.0,38.0,,,HI,159,3.5,National Universities,#159,overall,141574,True,True,2.8,33764,2.2,University of Hawaii--Manoa,national-universities,national-universities,159,public,ranked,1610
20.0,930.0,2809.0,La Verne,universityoflaverne,91750,48.0,38.0,,,CA,159,3.5,National Universities,#159,overall,117140,True,True,,41450,,University of La Verne,national-universities,national-universities,159,private,ranked,1216
24.0,1120.0,11142.0,Baltimore,universityofmarylandbaltimorecounty,21250,57.0,38.0,,,MD,159,,National Universities,#159,overall,163268,True,True,,25654,2.4,University of Maryland--Baltimore County,national-universities,national-universities,159,public,ranked,2105
18.0,860.0,1555.0,Immaculata,immaculatauniversity,19345,82.0,37.0,,,PA,165,3.3,National Universities,#165,overall,213011,True,True,,27350,,Immaculata University,national-universities,national-universities,165,private,ranked,3276
22.0,900.0,2967.0,St Louis,maryvilleuniversityofstlouis,63141,93.0,37.0,,,MO,165,3.6,National Universities,#165,overall,178059,True,True,,28470,,Maryville University of St. Louis,national-universities,national-universities,165,private,ranked,2482
25.0,1186.0,6909.0,Rolla,missouriuniversityofsciencetechnology,65409,79.0,37.0,,,MO,165,3.6,National Universities,#165,overall,178411,True,True,2.1,27701,2.9,Missouri University of Science & Technology,national-universities,national-universities,165,public,ranked,2517
22.0,970.0,16440.0,Queens,stjohnsuniversity,11439,63.0,37.0,,,NY,165,3.5,National Universities,#165,overall,195809,True,True,2.5,40790,,St. John's University,national-universities,national-universities,165,private,ranked,2823
18.0,860.0,6815.0,Merced,universityofcaliforniamerced,95343,74.0,37.0,,,CA,165,3.5,National Universities,#165,overall,445188,True,True,,41612,2.1,University of California--Merced,national-universities,national-universities,165,public,ranked,4127
22.0,1000.0,15827.0,Louisville,universityoflouisville,40292,73.0,37.0,,,KY,165,3.5,National Universities,#165,overall,157289,True,True,2.8,26286,2.3,University of Louisville,national-universities,national-universities,165,public,ranked,1999
21.0,990.0,18090.0,Mississippi State,mississippistateuniversity,39762,71.0,36.0,,,MS,171,3.4,National Universities,#171,overall,176080,True,True,2.6,22358,2.4,Mississippi State University,national-universities,national-universities,171,public,ranked,2423
,990.0,14344.0,Glassboro,rowanuniversity,8028,58.0,36.0,,,NJ,171,3.5,National Universities,#171,overall,184782,True,True,2.2,21378,3.3,Rowan University,national-universities,national-universities,171,public,ranked,2609
24.0,1080.0,55776.0,Orlando,universityofcentralflorida,32816,50.0,36.0,,,FL,171,3.9,National Universities,#171,overall,132903,True,True,2.7,22467,2.6,University of Central Florida,national-universities,national-universities,171,public,ranked,3954
21.0,930.0,9586.0,Moscow,universityofidaho,83844,76.0,36.0,,,ID,171,3.4,National Universities,#171,overall,142285,True,True,2.6,23812,2.2,University of Idaho,national-universities,national-universities,171,public,ranked,1626
21.0,980.0,24212.0,Richmond,virginiacommonwealthuniversity,23284,75.0,36.0,,,VA,171,3.6,National Universities,#171,overall,234030,True,True,2.7,32942,2.3,Virginia Commonwealth University,national-universities,national-universities,171,public,ranked,3735
21.0,950.0,23684.0,Kent,kentstateuniversity,44242,85.0,35.0,,,OH,176,3.4,National Universities,#176,overall,203517,True,True,2.6,18376,,Kent State University,national-universities,national-universities,176,public,ranked,3051
21.0,940.0,4384.0,Moon Township,robertmorrisuniversity,15108,80.0,35.0,,,PA,176,3.5,National Universities,#176,overall,215655,True,True,2.1,29420,2.4,Robert Morris University,national-universities,national-universities,176,private,ranked,3359
22.0,1020.0,29963.0,Lubbock,texastechuniversity,79409,63.0,35.0,,,TX,176,3.5,National Universities,#176,overall,229115,True,True,2.8,23011,2.6,Texas Tech University,national-universities,national-universities,176,public,ranked,3644
23.0,1020.0,2214.0,Jackson,unionuniversity,38305,63.0,35.0,,,TN,176,,National Universities,#176,overall,221971,True,True,,31580,2.7,Union University,national-universities,national-universities,176,private,ranked,3528
20.0,920.0,5150.0,West Hartford,universityofhartford,6117,72.0,35.0,,,CT,176,,National Universities,#176,overall,129525,True,True,2.4,38910,2.8,University of Hartford,national-universities,national-universities,176,private,ranked,1422
21.0,955.0,1661.0,Madison,edgewoodcollege,53711,78.0,34.0,,,WI,181,3.4,National Universities,#181,overall,238661,True,True,,28500,,Edgewood College,national-universities,national-universities,181,private,ranked,3848
21.0,960.0,1929.0,Cambridge,lesleyuniversity,2138,64.0,34.0,,,MA,181,3.3,National Universities,#181,overall,166452,True,True,,26550,,Lesley University,national-universities,national-universities,181,private,ranked,2160
22.0,990.0,2986.0,Nashville,lipscombuniversity,37204,61.0,34.0,,,TN,181,3.6,National Universities,#181,overall,219976,True,True,,30932,2.5,Lipscomb University,national-universities,national-universities,181,private,ranked,3486
20.0,910.0,5290.0,Boston,suffolkuniversity,2108,84.0,34.0,,,MA,181,3.2,National Universities,#181,overall,168005,True,True,2.2,37270,2.0,Suffolk University,national-universities,national-universities,181,private,ranked,2218
21.0,950.0,9323.0,Orono,universityofmaine,4469,90.0,34.0,,,ME,181,3.2,National Universities,#181,overall,161253,True,True,2.4,30282,2.2,University of Maine,national-universities,national-universities,181,public,ranked,2053
21.0,960.0,9788.0,Laramie,universityofwyoming,82071,95.0,34.0,,,WY,181,3.5,National Universities,#181,overall,240727,True,True,2.5,16827,2.2,University of Wyoming,national-universities,national-universities,181,public,ranked,3932
21.0,930.0,5770.0,Azusa,azusapacificuniversity,91702,84.0,33.0,,,CA,187,3.7,National Universities,#187,overall,109785,True,True,,36120,,Azusa Pacific University,national-universities,national-universities,187,private,ranked,1117
20.0,990.0,17011.0,Muncie,ballstateuniversity,47306,62.0,33.0,,,IN,187,3.5,National Universities,#187,overall,150136,True,True,2.6,25938,,Ball State University,national-universities,national-universities,187,public,ranked,1786
15.0,870.0,16810.0,Montclair,montclairstateuniversity,7043,66.0,33.0,,,NJ,187,3.2,National Universities,#187,overall,185590,True,True,2.2,20566,,Montclair State University,national-universities,national-universities,187,public,ranked,2617
21.0,940.0,8914.0,New York,paceuniversity,10038,84.0,33.0,,,NY,187,3.3,National Universities,#187,overall,194310,True,True,2.6,44036,,Pace University,national-universities,national-universities,187,private,ranked,2791
21.0,930.0,22350.0,Morgantown,westvirginiauniversity,26506,76.0,33.0,,,WV,187,3.5,National Universities,#187,overall,238032,True,True,2.6,23616,2.4,West Virginia University,national-universities,national-universities,187,public,ranked,3827
21.0,930.0,1688.0,Berrien Springs,andrewsuniversity,49104,40.0,32.0,,,MI,192,3.5,National Universities,#192,overall,168740,True,True,,28436,,Andrews University,national-universities,national-universities,192,private,ranked,2238
19.0,890.0,21748.0,Indianapolis,indianauniversitypurdueuniversityindianapolis,46202,74.0,32.0,,,IN,192,3.5,National Universities,#192,overall,151111,True,True,,29806,2.5,Indiana University-Purdue University--Indianapolis,national-universities,national-universities,192,public,ranked,1813
23.0,1040.0,35871.0,Houston,universityofhouston,77204,59.0,32.0,,,TX,192,,National Universities,#192,overall,225511,True,True,2.9,27337,2.6,University of Houston,national-universities,national-universities,192,public,ranked,3652
19.0,950.0,20215.0,Albuquerque,universityofnewmexico,87131,47.0,32.0,,,NM,192,3.4,National Universities,#192,overall,187985,True,True,2.7,22412,2.6,University of New Mexico,national-universities,national-universities,192,public,ranked,10313
21.0,960.0,11255.0,Grand Forks,universityofnorthdakota,58202,84.0,32.0,,,ND,192,3.4,National Universities,#192,overall,200280,True,True,2.4,21462,,University of North Dakota,national-universities,national-universities,192,public,ranked,3005
21.0,930.0,3591.0,Chester,wideneruniversity,19013,70.0,32.0,,,PA,192,3.5,National Universities,#192,overall,216852,True,True,2.0,44166,2.5,Widener University,national-universities,national-universities,192,private,ranked,3313
18.0,820.0,12027.0,Las Cruces,newmexicostateuniversity,88003,60.0,31.0,,,NM,198,3.5,National Universities,#198,overall,188030,True,True,2.4,22701,2.3,New Mexico State University,national-universities,national-universities,198,public,ranked,2657
21.0,1000.0,12010.0,Fargo,northdakotastateuniversity,58108,93.0,31.0,,,ND,198,3.4,National Universities,#198,overall,200332,True,True,2.2,20571,2.0,North Dakota State University,national-universities,national-universities,198,public,ranked,9265
22.0,1000.0,4295.0,Ft. Lauderdale,novasoutheasternuniversity,33314,53.0,31.0,,,FL,198,,National Universities,#198,overall,136215,True,True,,29940,,Nova Southeastern University,national-universities,national-universities,198,private,ranked,1509
22.0,1030.0,23404.0,Charlotte,universityofnorthcarolinacharlotte,28223,62.0,31.0,,,NC,198,3.9,National Universities,#198,overall,199139,True,True,2.8,20268,2.6,University of North Carolina--Charlotte,national-universities,national-universities,198,public,ranked,2975
20.0,920.0,14852.0,Bowling Green,bowlinggreenstateuniversity,43403,75.0,30.0,,,OH,202,3.4,National Universities,#202,overall,201441,True,True,2.5,18593,,Bowling Green State University,national-universities,national-universities,202,public,ranked,3018
19.0,920.0,34576.0,Fullerton,californiastateuniversityfullerton,92831,48.0,30.0,,,CA,202,3.6,National Universities,#202,overall,110565,True,True,2.6,17460,2.8,California State University--Fullerton,national-universities,national-universities,202,public,ranked,1137
19.0,1030.0,3223.0,Dallas,dallasbaptistuniversity,75211,43.0,30.0,,,TX,202,3.7,National Universities,#202,overall,224226,True,True,,27480,,Dallas Baptist University,national-universities,national-universities,202,private,ranked,3560
21.0,960.0,12847.0,Boston,universityofmassachusettsboston,2125,69.0,30.0,,,MA,202,3.3,National Universities,#202,overall,166638,True,True,2.6,32985,,University of Massachusetts--Boston,national-universities,national-universities,202,public,ranked,2222
21.0,970.0,18191.0,Reno,universityofnevadareno,89557,83.0,30.0,,,NV,202,3.6,National Universities,#202,overall,182290,True,True,2.3,21787,2.2,University of Nevada--Reno,national-universities,national-universities,202,public,ranked,2568
20.0,890.0,19923.0,Mount Pleasant,centralmichiganuniversity,48859,72.0,29.0,,,MI,207,3.4,National Universities,#207,overall,169248,True,True,2.3,23670,2.6,Central Michigan University,national-universities,national-universities,207,public,ranked,2243
20.0,970.0,22969.0,Greenville,eastcarolinauniversity,27858,70.0,29.0,,,NC,207,3.8,National Universities,#207,overall,198464,True,True,2.2,23420,2.5,East Carolina University,national-universities,national-universities,207,public,ranked,2923
19.0,900.0,7769.0,Tallahassee,floridaamuniversity,32307,31.0,29.0,,,FL,207,3.5,National Universities,#207,overall,133650,True,True,,17725,2.3,Florida A&M University,national-universities,national-universities,207,public,ranked,1480
21.0,1010.0,14400.0,Bozeman,montanastateuniversity,59717,83.0,29.0,,,MT,207,3.4,National Universities,#207,overall,180461,True,True,2.3,23042,2.2,Montana State University,national-universities,national-universities,207,public,ranked,2532
19.0,950.0,7239.0,Fairbanks,universityofalaskafairbanks,99775,73.0,29.0,,,AK,207,3.3,National Universities,#207,overall,102614,True,True,2.2,23534,2.1,University of Alaska--Fairbanks,national-universities,national-universities,207,public,ranked,1063
21.0,960.0,14622.0,Denver,universityofcoloradodenver,80217,61.0,29.0,,,CO,207,3.4,National Universities,#207,overall,126562,True,True,2.9,31209,2.2,University of Colorado--Denver,national-universities,national-universities,207,public,ranked,6740
20.0,910.0,6999.0,North Dartmouth,universityofmassachusettsdartmouth,2747,76.0,29.0,,,MA,207,3.2,National Universities,#207,overall,167987,True,True,2.6,28285,2.2,University of Massachusetts--Dartmouth,national-universities,national-universities,207,public,ranked,2210
20.0,950.0,10077.0,Missoula,universityofmontana,59812,92.0,29.0,,,MT,207,3.3,National Universities,#207,overall,180489,True,True,2.6,24943,,University of Montana,national-universities,national-universities,207,public,ranked,2536
19.0,,18313.0,Kalamazoo,westernmichiganuniversity,49008,82.0,29.0,,,MI,207,3.3,National Universities,#207,overall,172699,True,True,2.5,14699,,Western Michigan University,national-universities,national-universities,207,public,ranked,2330
23.0,1030.0,45813.0,Miami,floridainternationaluniversity,33199,49.0,28.0,,,FL,216,3.9,National Universities,#216,overall,133951,True,True,2.6,18956,2.1,Florida International University,national-universities,national-universities,216,public,ranked,9635
21.0,980.0,11281.0,Ruston,louisianatechuniversity,71272,63.0,28.0,,,LA,216,3.7,National Universities,#216,overall,159647,True,True,2.3,18438,2.2,Louisiana Tech University,national-universities,national-universities,216,public,ranked,2008
20.0,890.0,10959.0,Brookings,southdakotastateuniversity,57007,91.0,28.0,,,SD,216,3.4,National Universities,#216,overall,219356,True,True,,11403,,South Dakota State University,national-universities,national-universities,216,public,ranked,3471
19.0,880.0,12182.0,Carbondale,southernillinoisuniversitycarbondale,62901,77.0,28.0,,,IL,216,3.1,National Universities,#216,overall,149222,True,True,2.5,13936,2.0,Southern Illinois University--Carbondale,national-universities,national-universities,216,public,ranked,1758
25.0,1060.0,6507.0,Huntsville,universityofalabamahuntsville,35899,76.0,28.0,,,AL,216,3.8,National Universities,#216,overall,100706,True,True,2.5,21480,2.4,University of Alabama--Huntsville,national-universities,national-universities,216,public,ranked,1055
21.0,980.0,11708.0,Kansas City,universityofmissourikansascity,64110,62.0,28.0,,,MO,216,3.4,National Universities,#216,overall,178402,True,True,2.6,25999,,University of Missouri--Kansas City,national-universities,national-universities,216,public,ranked,2518
20.0,980.0,24838.0,Logan,utahstateuniversity,84322,90.0,28.0,,,UT,216,3.5,National Universities,#216,overall,230728,True,True,2.5,20726,2.4,Utah State University,national-universities,national-universities,216,public,ranked,3677
20.0,950.0,4536.0,Ashland,ashlanduniversity,44805,72.0,27.0,,,OH,223,3.4,National Universities,#223,overall,201104,True,True,,20700,,Ashland University,national-universities,national-universities,223,private,ranked,3012
20.0,,3171.0,Lisle,benedictineuniversity,60532,73.0,27.0,,,IL,223,3.4,National Universities,#223,overall,145619,True,True,,33900,,Benedictine University,national-universities,national-universities,223,private,ranked,1767
16.0,800.0,21528.0,Fresno,californiastateuniversityfresno,93740,54.0,27.0,,,CA,223,3.5,National Universities,#223,overall,110556,True,True,2.3,17929,2.7,California State University--Fresno,national-universities,national-universities,223,public,ranked,1147
18.0,870.0,2362.0,Boiling Springs,gardnerwebbuniversity,28017,52.0,27.0,,,NC,223,3.7,National Universities,#223,overall,198561,True,True,,30740,,Gardner-Webb University,national-universities,national-universities,223,private,ranked,2929
20.0,950.0,25455.0,Atlanta,georgiastateuniversity,30302,53.0,27.0,,,GA,223,3.4,National Universities,#223,overall,139940,True,True,3.1,29432,,Georgia State University,national-universities,national-universities,223,public,ranked,1574
19.0,880.0,2099.0,Winchester,shenandoahuniversity,22601,88.0,27.0,,,VA,223,3.4,National Universities,#223,overall,233541,True,True,2.0,31920,,Shenandoah University,national-universities,national-universities,223,private,ranked,3737
19.0,830.0,7500.0,Vermillion,universityofsouthdakota,57069,88.0,27.0,,,SD,223,3.0,National Universities,#223,overall,219471,True,True,2.4,11688,,University of South Dakota,national-universities,national-universities,223,public,ranked,10300
20.0,983.0,17280.0,Detroit,waynestateuniversity,48202,68.0,27.0,,,MI,223,3.4,National Universities,#223,overall,172644,True,True,2.4,28590,2.2,Wayne State University,national-universities,national-universities,223,public,ranked,2329
16.0,790.0,1424.0,Springfield,americaninternationalcollege,1109,64.0,,,,MA,-1,,National Universities,#231-#300,overall,164447,False,True,,33140,,American International College,national-universities,national-universities,-1,private,rnp,2114
,930.0,5133.0,Augusta,augustauniversity,30912,74.0,,,,GA,-1,,National Universities,#231-#300,overall,482149,False,True,,23606,,Augusta University,national-universities,national-universities,-1,public,rnp,1579
18.0,850.0,3541.0,Miami Shores,barryuniversity,33161,62.0,,,,FL,-1,,National Universities,#231-#300,overall,132471,False,True,2.0,29700,,Barry University,national-universities,national-universities,-1,private,rnp,1466
20.0,910.0,20209.0,Boise,boisestateuniversity,83725,82.0,,,,ID,-1,3.4,National Universities,#231-#300,overall,142115,False,True,2.5,22642,2.2,Boise State University,national-universities,national-universities,-1,public,rnp,1616
18.0,973.0,1534.0,Milwaukee,cardinalstritchuniversity,53217,82.0,,,,WI,-1,3.1,National Universities,#231-#300,overall,238430,False,True,,28844,,Cardinal Stritch University,national-universities,national-universities,-1,private,rnp,3837
18.0,820.0,3093.0,Atlanta,clarkatlantauniversity,30314,72.0,,,,GA,-1,3.2,National Universities,#231-#300,overall,138947,False,True,,23082,,Clark Atlanta University,national-universities,national-universities,-1,private,rnp,1551
19.0,890.0,12433.0,Cleveland,clevelandstateuniversity,44115,88.0,,,,OH,-1,3.3,National Universities,#231-#300,overall,202134,False,True,2.2,13848,2.1,Cleveland State University,national-universities,national-universities,-1,public,rnp,3032
19.0,910.0,17541.0,Ypsilanti,easternmichiganuniversity,48197,73.0,,,,MI,-1,3.3,National Universities,#231-#300,overall,169798,False,True,2.2,11530,,Eastern Michigan University,national-universities,national-universities,-1,public,rnp,2259
20.0,920.0,11065.0,Johnson City,easttennesseestateuniversity,37614,80.0,,,,TN,-1,3.5,National Universities,#231-#300,overall,220075,False,True,2.1,26463,,East Tennessee State University,national-universities,national-universities,-1,public,rnp,3487
20.0,950.0,25402.0,Boca Raton,floridaatlanticuniversity,33431,60.0,,,,FL,-1,4.0,National Universities,#231-#300,overall,133669,False,True,2.4,21595,,Florida Atlantic University,national-universities,national-universities,-1,public,rnp,1481
22.0,1030.0,18005.0,Statesboro,georgiasouthernuniversity,30460,65.0,,,,GA,-1,3.3,National Universities,#231-#300,overall,139931,False,True,2.3,18692,2.4,Georgia Southern University,national-universities,national-universities,-1,public,rnp,1572
,,,Phoenix,grandcanyonuniversity,85017,43.0,,,,AZ,-1,,National Universities,#231-#300,overall,104717,False,True,,17050,,Grand Canyon University,national-universities,national-universities,-1,proprietary,rnp,1074
16.0,790.0,11202.0,Terre Haute,indianastateuniversity,47809,86.0,,,,IN,-1,3.1,National Universities,#231-#300,overall,151324,False,True,2.4,19454,,Indiana State University,national-universities,national-universities,-1,public,rnp,9563
,840.0,10618.0,Indiana,indianauniversityofpennsylvania,15705,92.0,,,,PA,-1,,National Universities,#231-#300,overall,213020,False,True,2.1,15882,,Indiana University of Pennsylvania,national-universities,national-universities,-1,public,rnp,3277
16.0,810.0,7492.0,Jackson,jacksonstateuniversity,39217,69.0,,,,MS,-1,2.9,National Universities,#231-#300,overall,175856,False,True,,17614,,Jackson State University,national-universities,national-universities,-1,public,rnp,2410
21.0,1000.0,32166.0,Kennesaw,kennesawstateuniversity,30144,59.0,,,,GA,-1,3.3,National Universities,#231-#300,overall,140164,False,True,2.7,21158,2.4,Kennesaw State University,national-universities,national-universities,-1,public,rnp,1577
18.0,860.0,9326.0,Beaumont,lamaruniversity,77710,76.0,,,,TX,-1,3.2,National Universities,#231-#300,overall,226091,False,True,2.0,22561,,Lamar University,national-universities,national-universities,-1,public,rnp,3581
21.0,950.0,47050.0,Lynchburg,libertyuniversity,24502,28.0,,,,VA,-1,3.5,National Universities,#231-#300,overall,232557,False,True,,24304,2.2,Liberty University,national-universities,national-universities,-1,private,rnp,10392
20.0,920.0,7549.0,St. Charles,lindenwooduniversity,63301,55.0,,,,MO,-1,3.3,National Universities,#231-#300,overall,177968,False,True,,16960,,Lindenwood University,national-universities,national-universities,-1,private,rnp,2480
19.0,950.0,19693.0,Murfreesboro,middletennesseestateuniversity,37132,69.0,,,,TN,-1,3.4,National Universities,#231-#300,overall,220978,False,True,2.2,27578,,Middle Tennessee State University,national-universities,national-universities,-1,public,rnp,3510
16.0,800.0,6362.0,Baltimore,morganstateuniversity,21251,60.0,,,,MD,-1,3.0,National Universities,#231-#300,overall,163453,False,True,2.0,17833,,Morgan State University,national-universities,national-universities,-1,public,rnp,2083
,,,Chicago,nationallouisuniversity,60603,81.0,,,,IL,-1,,National Universities,#231-#300,overall,147536,False,True,,10380,,National Louis University,national-universities,national-universities,-1,private,rnp,1733
18.0,850.0,9668.0,Greensboro,northcarolinaatstateuniversity,27411,54.0,,,,NC,-1,3.5,National Universities,#231-#300,overall,199102,False,True,,19416,2.2,North Carolina A&T State University,national-universities,national-universities,-1,public,rnp,2905
20.0,940.0,26506.0,Flagstaff,northernarizonauniversity,86011,78.0,,,,AZ,-1,3.6,National Universities,#231-#300,overall,105330,False,True,2.5,24841,2.8,Northern Arizona University,national-universities,national-universities,-1,public,rnp,1082
19.0,,14079.0,DeKalb,northernillinoisuniversity,60115,52.0,,,,IL,-1,3.3,National Universities,#231-#300,overall,147703,False,True,2.6,23817,2.7,Northern Illinois University,national-universities,national-universities,-1,public,rnp,1737
20.0,805.0,16568.0,Rochester,oaklanduniversity,48309,86.0,,,,MI,-1,3.4,National Universities,#231-#300,overall,171571,False,True,2.0,24735,,Oakland University,national-universities,national-universities,-1,public,rnp,2307
18.0,890.0,19793.0,Norfolk,olddominionuniversity,23529,85.0,,,,VA,-1,3.3,National Universities,#231-#300,overall,232982,False,True,2.5,28200,2.2,Old Dominion University,national-universities,national-universities,-1,public,rnp,3728
19.0,930.0,21633.0,Portland,portlandstateuniversity,97207,89.0,,,,OR,-1,3.4,National Universities,#231-#300,overall,209807,False,True,2.5,21180,2.2,Portland State University,national-universities,national-universities,-1,public,rnp,3216
15.0,750.0,7455.0,Prairie View,prairieviewamuniversity,77446,85.0,,,,TX,-1,3.0,National Universities,#231-#300,overall,227526,False,True,,10059,,Prairie View A&M University,national-universities,national-universities,-1,public,rnp,3630
19.0,920.0,3806.0,Virginia Beach,regentuniversity,23464,83.0,,,,VA,-1,3.5,National Universities,#231-#300,overall,231651,False,True,,17450,,Regent University,national-universities,national-universities,-1,private,rnp,30913
19.0,870.0,17902.0,Huntsville,samhoustonstateuniversity,77340,72.0,,,,TX,-1,,National Universities,#231-#300,overall,227881,False,True,2.1,22340,,Sam Houston State University,national-universities,national-universities,-1,public,rnp,3606
18.0,860.0,25945.0,San Francisco,sanfranciscostateuniversity,94132,68.0,,,,CA,-1,3.2,National Universities,#231-#300,overall,122597,False,True,2.5,19134,2.6,San Francisco State University,national-universities,national-universities,-1,public,rnp,1154
18.0,,,Louisville,spaldinguniversity,40203,50.0,,,,KY,-1,,National Universities,#231-#300,overall,157757,False,True,,24388,,Spalding University,national-universities,national-universities,-1,private,rnp,1960
16.0,788.0,7007.0,Nashville,tennesseestateuniversity,37209,53.0,,,,TN,-1,2.9,National Universities,#231-#300,overall,221838,False,True,2.0,20178,,Tennessee State University,national-universities,national-universities,-1,public,rnp,3522
21.0,960.0,9437.0,Cookeville,tennesseetechnologicaluniversity,38505,67.0,,,,TN,-1,3.6,National Universities,#231-#300,overall,221847,False,True,,26190,2.1,Tennessee Technological University,national-universities,national-universities,-1,public,rnp,3523
17.0,850.0,7605.0,Commerce,texasamuniversitycommerce,75429,45.0,,,,TX,-1,3.3,National Universities,#231-#300,overall,224554,False,True,2.1,20884,2.2,Texas A&M University--Commerce,national-universities,national-universities,-1,public,rnp,3565
17.0,850.0,10212.0,Corpus Christi,texasamuniversitycorpuschristi,78412,86.0,,,,TX,-1,3.3,National Universities,#231-#300,overall,224147,False,True,2.2,26061,2.5,Texas A&M University--Corpus Christi,national-universities,national-universities,-1,public,rnp,11161
17.0,850.0,6811.0,Kingsville,texasamuniversitykingsville,78363,82.0,,,,TX,-1,3.3,National Universities,#231-#300,overall,228705,False,True,,20912,,Texas A&M University--Kingsville,national-universities,national-universities,-1,public,rnp,3639
15.0,715.0,6562.0,Houston,texassouthernuniversity,77004,51.0,,,,TX,-1,2.9,National Universities,#231-#300,overall,229063,False,True,2.1,21240,,Texas Southern University,national-universities,national-universities,-1,public,rnp,3642
20.0,930.0,34244.0,San Marcos,texasstateuniversity,78666,71.0,,,,TX,-1,,National Universities,#231-#300,overall,228459,False,True,2.2,23071,,Texas State University,national-universities,national-universities,-1,public,rnp,3615
17.0,820.0,10408.0,Denton,texaswomansuniversity,76204,86.0,,,,TX,-1,3.1,National Universities,#231-#300,overall,229179,False,True,,21816,,Texas Woman's University,national-universities,national-universities,-1,public,rnp,3646
19.0,930.0,2092.0,Nashville,treveccanazareneuniversity,37210,72.0,,,,TN,-1,3.4,National Universities,#231-#300,overall,221892,False,True,,25100,,Trevecca Nazarene University,national-universities,national-universities,-1,private,rnp,3526
19.0,880.0,1076.0,Deerfield,trinityinternationaluniversity,60015,88.0,,,,IL,-1,3.2,National Universities,#231-#300,overall,149514,False,True,,30750,,Trinity International University,national-universities,national-universities,-1,private,rnp,1772
19.0,910.0,17416.0,Akron,universityofakron,44325,96.0,,,,OH,-1,3.3,National Universities,#231-#300,overall,200800,False,True,2.3,21863,2.1,University of Akron,national-universities,national-universities,-1,public,rnp,3123
19.0,930.0,9374.0,Little Rock,universityofarkansaslittlerock,72204,77.0,,,,AR,-1,3.1,National Universities,#231-#300,overall,106245,False,True,2.5,19797,2.0,University of Arkansas--Little Rock,national-universities,national-universities,-1,public,rnp,1101
21.0,940.0,15998.0,Lafayette,universityoflouisianalafayette,70504,52.0,,,,LA,-1,3.3,National Universities,#231-#300,overall,160658,False,True,2.3,23074,,University of Louisiana--Lafayette,national-universities,national-universities,-1,public,rnp,2031
19.0,920.0,7778.0,Monroe,universityoflouisianamonroe,71209,86.0,,,,LA,-1,3.5,National Universities,#231-#300,overall,159993,False,True,2.0,20381,,University of Louisiana--Monroe,national-universities,national-universities,-1,public,rnp,2020
17.0,790.0,3278.0,Princess Anne,universityofmarylandeasternshore,21853,38.0,,,,MD,-1,2.9,National Universities,#231-#300,overall,163338,False,True,2.0,18048,2.4,University of Maryland--Eastern Shore,national-universities,national-universities,-1,public,rnp,2106
19.0,890.0,17176.0,Memphis,universityofmemphis,38152,94.0,,,,TN,-1,3.4,National Universities,#231-#300,overall,220862,False,True,2.7,21413,2.1,University of Memphis,national-universities,national-universities,-1,public,rnp,3509
21.0,940.0,13923.0,St. Louis,universityofmissouristlouis,63121,71.0,,,,MO,-1,3.4,National Universities,#231-#300,overall,178420,False,True,2.6,27327,2.7,University of Missouri--St. Louis,national-universities,national-universities,-1,public,rnp,2519
19.0,930.0,12536.0,Omaha,universityofnebraskaomaha,68182,86.0,,,,NE,-1,3.4,National Universities,#231-#300,overall,181394,False,True,2.6,22035,,University of Nebraska--Omaha,national-universities,national-universities,-1,public,rnp,2554
19.0,900.0,24714.0,Las Vegas,universityofnevadalasvegas,89154,83.0,,,,NV,-1,3.3,National Universities,#231-#300,overall,182281,False,True,2.5,21498,2.2,University of Nevada--Las Vegas,national-universities,national-universities,-1,public,rnp,2569
20.0,950.0,6442.0,New Orleans,universityofneworleans,70148,60.0,,,,LA,-1,3.2,National Universities,#231-#300,overall,159939,False,True,2.4,13530,,University of New Orleans,national-universities,national-universities,-1,public,rnp,2015
21.0,910.0,16281.0,Greensboro,universityofnorthcarolinagreensboro,27402,74.0,,,,NC,-1,3.8,National Universities,#231-#300,overall,199148,False,True,2.6,22410,,University of North Carolina--Greensboro,national-universities,national-universities,-1,public,rnp,2976
19.0,930.0,9503.0,Greeley,universityofnortherncolorado,80639,90.0,,,,CO,-1,3.3,National Universities,#231-#300,overall,127741,False,True,2.3,20474,,University of Northern Colorado,national-universities,national-universities,-1,public,rnp,1349
20.0,980.0,31209.0,Denton,universityofnorthtexas,76203,72.0,,,,TX,-1,,National Universities,#231-#300,overall,227216,False,True,2.4,23716,,University of North Texas,national-universities,national-universities,-1,public,rnp,3594
20.0,875.0,11761.0,Mobile,universityofsouthalabama,36688,80.0,,,,AL,-1,3.5,National Universities,#231-#300,overall,102094,False,True,2.1,19586,2.6,University of South Alabama,national-universities,national-universities,-1,public,rnp,1057
20.0,940.0,11779.0,Hattiesburg,universityofsouthernmississippi,39406,60.0,,,,MS,-1,3.3,National Universities,#231-#300,overall,176372,False,True,2.2,9854,,University of Southern Mississippi,national-universities,national-universities,-1,public,rnp,2441
20.0,950.0,32775.0,Arlington,universityoftexasarlington,76019,70.0,,,,TX,-1,,National Universities,#231-#300,overall,228769,False,True,2.7,25152,2.4,University of Texas--Arlington,national-universities,national-universities,-1,public,rnp,3656
17.0,810.0,20521.0,El Paso,universityoftexaselpaso,79968,100.0,,,,TX,-1,3.2,National Universities,#231-#300,overall,228796,False,True,2.3,21396,2.1,University of Texas--El Paso,national-universities,national-universities,-1,public,rnp,3661
18.0,850.0,24433.0,Edinburg,universityoftexasriograndevalley,78539,63.0,,,,TX,-1,,National Universities,#231-#300,overall,227368,False,True,,17230,2.1,University of Texas--Rio Grande Valley,national-universities,national-universities,-1,public,rnp,666978
20.0,920.0,24724.0,San Antonio,universityoftexassanantonio,78249,76.0,,,,TX,-1,,National Universities,#231-#300,overall,229027,False,True,2.4,23379,2.1,University of Texas--San Antonio,national-universities,national-universities,-1,public,rnp,10115
19.0,860.0,3082.0,Williamsburg,universityofthecumberlands,40769,71.0,,,,KY,-1,3.5,National Universities,#231-#300,overall,156541,False,True,,23000,,University of the Cumberlands,national-universities,national-universities,-1,private,rnp,1962
20.0,920.0,16247.0,Toledo,universityoftoledo,43606,94.0,,,,OH,-1,3.4,National Universities,#231-#300,overall,206084,False,True,2.3,18578,2.1,University of Toledo,national-universities,national-universities,-1,public,rnp,3131
21.0,930.0,10082.0,Pensacola,universityofwestflorida,32514,41.0,,,,FL,-1,3.6,National Universities,#231-#300,overall,138354,False,True,,18628,2.1,University of West Florida,national-universities,national-universities,-1,public,rnp,3955
18.0,870.0,11155.0,Carrollton,universityofwestgeorgia,30118,59.0,,,,GA,-1,3.2,National Universities,#231-#300,overall,141334,False,True,2.0,20406,,University of West Georgia,national-universities,national-universities,-1,public,rnp,1601
20.0,,21375.0,Milwaukee,universityofwisconsinmilwaukee,53201,72.0,,,,WI,-1,3.1,National Universities,#231-#300,overall,240453,False,True,2.8,19851,2.4,University of Wisconsin--Milwaukee,national-universities,national-universities,-1,public,rnp,3896
19.0,890.0,8780.0,Valdosta,valdostastateuniversity,31698,65.0,,,,GA,-1,3.2,National Universities,#231-#300,overall,141264,False,True,2.1,17196,,Valdosta State University,national-universities,national-universities,-1,public,rnp,1599
21.0,915.0,11823.0,Wichita,wichitastateuniversity,67260,92.0,,,,KS,-1,3.4,National Universities,#231-#300,overall,156125,False,True,2.3,17270,2.2,Wichita State University,national-universities,national-universities,-1,public,rnp,1950
18.0,930.0,12504.0,Dayton,wrightstateuniversity,45435,95.0,,,,OH,-1,3.3,National Universities,#231-#300,overall,206604,False,True,2.3,17350,2.2,Wright State University,national-universities,national-universities,-1,public,rnp,9168
,,1264.0,San Diego,alliantinternationaluniversity,92131,,,,,CA,-2,2.8,National Universities,Unranked,overall,110468,False,True,,17510,,Alliant International University,national-universities,national-universities,-2,private,ur,1158
,,,Orange,argosyuniversity,92868,,,,,CA,-2,,National Universities,Unranked,overall,145770,False,True,,13152,,Argosy University,national-universities,national-universities,-2,proprietary,ur,21799
,,,San Francisco,californiainstituteofintegralstudies,94103,,,,,CA,-2,,National Universities,Unranked,overall,110316,False,True,,28467,,California Institute of Integral Studies,national-universities,national-universities,-2,private,ur,12154
,,,Minneapolis,capellauniversity,55403,,,,,MN,-2,,National Universities,Unranked,overall,413413,False,True,,13998,,Capella University,national-universities,national-universities,-2,proprietary,ur,32673
,,,Pocatello,idahostateuniversity,83209,,,,,ID,-2,,National Universities,Unranked,overall,142276,False,True,2.4,21023,2.1,Idaho State University,national-universities,national-universities,-2,public,ur,1620
,,133.0,San Diego,northcentraluniversity,86314,,,,,AZ,-2,,National Universities,Unranked,overall,444130,False,True,,10368,,Northcentral University,national-universities,national-universities,-2,proprietary,ur,666122
,,,Cypress,tridentuniversityinternational,90630,96.0,,,,CA,-2,,National Universities,Unranked,overall,450979,False,True,,9000,,Trident University International,national-universities,national-universities,-2,proprietary,ur,41279
,,,Cincinnati,unioninstituteanduniversity,45206,,,,,OH,-2,,National Universities,Unranked,overall,206279,False,True,,12416,,Union Institute and University,national-universities,national-universities,-2,private,ur,10923
,,,Phoenix,universityofphoenix,85034,,,,,AZ,-2,,National Universities,Unranked,overall,372213,False,True,,9690,,University of Phoenix,national-universities,national-universities,-2,proprietary,ur,209885
,,,Minneapolis,waldenuniversity,55401,,,,,MN,-2,,National Universities,Unranked,overall,125231,False,True,,12075,,Walden University,national-universities,national-universities,-2,proprietary,ur,25042
,,8873.0,New Castle,wilmingtonuniversity,19720,100.0,,,,DE,-2,,National Universities,Unranked,overall,131113,False,True,,10940,,Wilmington University,national-universities,national-universities,-2,private,ur,7948
